Ticker Symbol,Price,Percent Change,Net Change,Previous Close,Open,Bid,Ask,Day's Range,52 Week Range,Volume,Avg. Volume
MMM,189.81,+2.16%,4.02,185.79,186.83,0.00 x 100,0.00 x 100,185.00 - 190.08,181.98 - 259.77,2919609,2330795
ABT,68,+1.03%,0.69,67.31,67.77,65.57 x 800,68.88 x 800,67.22 - 68.34,53.61 - 74.15,7994440,5869910
ABBV,81.59,+0.28%,0.23,81.36,81.93,79.80 x 800,82.20 x 1800,80.13 - 82.88,80.13 - 125.86,5243107,5403700
ABMD,331.22,+3.50%,11.19,320.03,320.15,298.25 x 900,369.28 x 100,315.34 - 333.67,180.12 - 459.75,563252,621638
ACN,154.62,+1.23%,1.88,152.74,153.44,0.00 x 1000,0.00 x 800,152.31 - 154.86,141.47 - 175.64,2296448,2042916
ATVI,67.48,+3.47%,2.26,65.22,65.69,66.55 x 1000,67.00 x 800,65.34 - 67.50,57.29 - 84.68,8610357,7284990
ADBE,238.41,-0.56%,-1.34,239.75,238.99,238.60 x 800,240.59 x 100,231.71 - 242.48,165.68 - 277.61,5032179,3392624
AMD,17.2,+2.08%,0.35,16.85,16.38,17.50 x 1000,17.51 x 2900,16.17 - 17.24,9.04 - 34.14,96518393,122902366
AAP,164.97,+0.06%,0.1,164.87,165.16,0.00 x 800,168.00 x 1800,163.18 - 165.62,78.81 - 171.50,1019989,1051672
AES,14.82,+2.07%,0.3,14.52,14.52,14.39 x 47300,15.03 x 3200,14.51 - 14.85,9.87 - 15.39,7849344,6726615
AET,197.65,+1.29%,2.52,195.13,197.26,0.00 x 800,0.00 x 800,194.76 - 197.65,164.52 - 206.66,1351330,2007543
AMG,115.17,+3.37%,3.75,111.42,111.68,110.00 x 800,0.00 x 800,110.55 - 116.53,110.27 - 217.00,997668,546212
AFL,43.14,+2.03%,0.86,42.28,42.46,40.00 x 2900,44.25 x 800,42.35 - 43.15,41.41 - 48.19,4293769,2968207
A,63.64,+2.51%,1.56,62.08,62.35,0.00 x 900,75.55 x 1400,61.68 - 63.72,60.42 - 75.00,3076720,2377463
APD,153.78,+1.87%,2.82,150.96,151.06,146.66 x 3000,0.00 x 900,150.51 - 154.29,148.44 - 175.17,1774502,975267
AKAM,72.55,+16.92%,10.5,62.05,69.97,72.72 x 800,73.00 x 1200,68.57 - 73.20,51.79 - 83.08,10208004,1775904
ALK,63.24,+3.67%,2.24,61,61,60.45 x 800,64.95 x 1300,60.88 - 63.41,57.53 - 76.06,1252221,1516135
ALB,97.12,+2.06%,1.96,95.16,95,0.00 x 900,98.80 x 800,93.68 - 97.37,86.75 - 144.99,1305683,1471920
ARE,123.95,+0.62%,0.76,123.19,124.22,0.00 x 2200,0.00 x 800,121.58 - 128.35,114.00 - 134.37,864518,576321
ALXN,114.19,+1.72%,1.93,112.26,112.43,113.01 x 200,118.49 x 1000,110.03 - 114.38,102.10 - 140.77,1297421,1597510
ALGN,223.01,+2.33%,5.07,217.94,216.8,215.75 x 800,226.00 x 1400,215.00 - 225.62,203.12 - 398.88,1766691,1029450
ALLE,84.6,+3.59%,2.93,81.67,81.75,0.00 x 800,0.00 x 1100,81.75 - 84.83,73.85 - 92.87,796125,596158
AGN,160.67,-7.55%,-13.13,173.8,169.71,0.00 x 800,0.00 x 900,155.00 - 170.36,142.81 - 197.00,8440225,1828023
ADS,201.58,+0.49%,0.98,200.6,201.26,0.00 x 1000,0.00 x 900,199.25 - 204.63,192.02 - 278.33,511311,478853
LNT,43.51,+0.50%,0.22,43.29,43.53,43.29 x 1300,0.00 x 800,42.92 - 43.68,36.84 - 45.55,1974930,1377573
ALL,95.49,+2.08%,1.95,93.54,94.18,0.00 x 800,96.66 x 800,93.20 - 95.70,88.29 - 105.36,2017720,1814612
GOOGL,1049.51,+1.43%,14.78,1034.73,1020.01,"1,057.00 x 200","1,059.86 x 1200","1,013.97 - 1,050.80","984.00 - 1,291.44",2673882,1913589
GOOG,1036.21,+1.58%,16.13,1020.08,1008.46,"1,041.02 x 1200","1,047.00 x 200","1,000.75 - 1,037.45","980.64 - 1,273.89",3192129,1597692
MO,65.87,+1.98%,1.28,64.59,64.91,65.60 x 1300,65.96 x 1000,64.64 - 66.00,53.91 - 74.38,11658530,6822789
AMZN,1530.42,-0.55%,-8.46,1538.88,1486.16,"1,545.75 x 800","1,549.99 x 900","1,476.36 - 1,540.99","1,086.87 - 2,050.50",12002180,5609418
AEE,65,-0.31%,-0.2,65.2,65.54,0.00 x 800,67.25 x 1100,64.56 - 65.81,51.89 - 67.23,1481183,1585267
AAL,34.66,+6.32%,2.06,32.6,32.44,34.65 x 1000,34.79 x 800,32.33 - 34.78,30.24 - 59.08,12199205,7774561
AEP,74.29,+0.34%,0.25,74.04,74.37,74.00 x 800,0.00 x 2200,73.53 - 74.88,62.71 - 78.07,3254796,2530438
AXP,102.08,+0.88%,0.89,101.19,101.6,0.00 x 800,0.00 x 800,100.41 - 102.39,87.54 - 111.77,3778198,3094175
AIG,40.96,+2.63%,1.05,39.91,40,0.00 x 4000,0.00 x 900,39.29 - 41.04,39.29 - 65.30,22028511,5472789
AMT,160.95,+5.32%,8.13,152.82,154,150.00 x 800,0.00 x 800,150.14 - 161.71,130.37 - 161.71,5553576,1657732
AWK,90.18,+0.75%,0.67,89.51,89.93,0.00 x 4000,0.00 x 800,88.88 - 90.24,76.04 - 92.79,1011236,719855
AMP,126.6,+2.85%,3.51,123.09,124.03,0.00 x 800,175.00 x 1100,123.26 - 126.78,120.79 - 183.90,914036,878353
ABC,87.61,+1.88%,1.62,85.99,86.34,0.00 x 800,0.00 x 900,85.81 - 87.68,71.90 - 106.27,1095644,1322756
AME,66.38,+1.04%,0.68,65.7,65.51,0.00 x 800,0.00 x 800,65.19 - 66.61,64.91 - 81.92,1690796,1215833
AMGN,189.08,+0.47%,0.89,188.19,189.43,188.00 x 1000,188.75 x 800,187.03 - 190.99,163.31 - 210.19,3152338,2634773
APH,88.48,+3.53%,3.02,85.46,85.78,60.00 x 800,0.00 x 1200,85.51 - 88.71,80.42 - 97.56,3212841,1373267
APC,56.45,+1.04%,0.58,55.87,55.85,0.00 x 900,58.40 x 1100,54.67 - 56.81,46.75 - 76.70,8197477,4348246
ADI,82.8,+2.97%,2.39,80.41,80.62,82.31 x 1000,82.86 x 1100,80.42 - 82.86,76.62 - 103.59,4208216,3220398
ANSS,146.2,+1.66%,2.39,143.81,144.02,133.49 x 100,150.00 x 300,143.52 - 147.17,134.45 - 190.45,502283,533310
ANTM,265.49,+0.75%,1.97,263.52,264.34,0.00 x 800,281.91 x 900,261.60 - 267.25,199.75 - 283.06,1904065,1116826
AON,158.7,+2.26%,3.51,155.19,156.55,0.00 x 800,0.00 x 800,154.95 - 159.13,130.87 - 159.13,2344850,876500
AOS,45.72,+8.70%,3.66,42.06,40.81,42.57 x 800,0.00 x 900,40.34 - 45.85,40.34 - 68.39,6189652,1682838
APA,37.45,+3.51%,1.27,36.18,35.75,0.00 x 800,0.00 x 1400,35.75 - 37.52,33.60 - 50.03,4800562,2983836
AIV,43.74,+0.88%,0.38,43.36,43.53,0.00 x 800,0.00 x 2200,43.38 - 44.23,37.97 - 45.64,1140059,966204
AAPL,213.3,+0.50%,1.06,212.24,211.15,214.90 x 900,214.92 x 1100,209.27 - 215.18,150.24 - 233.47,32614452,33142304
AMAT,32.42,+4.18%,1.3,31.12,31.2,32.04 x 1000,32.60 x 1400,31.10 - 32.46,30.53 - 62.40,13282035,12884458
APTV,74.17,-2.69%,-2.05,76.22,76.19,0.00 x 1000,92.50 x 900,72.96 - 76.89,72.08 - 103.23,5574187,2184872
ADM,48,+2.11%,0.99,47.01,47.4,0.00 x 2200,0.00 x 800,46.98 - 48.03,38.59 - 52.07,3884166,3437452
ARNC,19.7,+2.50%,0.48,19.22,19.58,0.00 x 1100,21.68 x 1100,18.89 - 19.89,16.47 - 31.17,5619974,3157881
ANET,228.46,+4.87%,10.6,217.86,218.13,223.00 x 900,234.22 x 800,215.60 - 228.63,177.92 - 313.37,915371,1193103
AJG,74.31,+0.62%,0.46,73.85,74.17,0.00 x 900,0.00 x 900,73.13 - 74.42,62.04 - 76.49,1114219,761349
AIZ,96.77,+1.61%,1.53,95.24,95.8,0.00 x 800,0.00 x 800,94.92 - 96.91,84.34 - 111.43,402381,693203
T,30.47,+2.80%,0.83,29.64,29.85,0.00 x 1800,33.91 x 1400,29.82 - 30.59,28.85 - 39.33,49148657,34719924
ADSK,125.96,+1.47%,1.83,124.13,123.87,121.56 x 100,126.02 x 200,123.02 - 126.88,101.55 - 159.94,1871141,2161698
ADP,137.26,+1.45%,1.96,135.3,135.87,133.52 x 100,136.70 x 1000,134.47 - 137.26,107.61 - 153.51,2527033,1897692
AZO,747.4,+0.05%,0.35,747.05,748.96,0.00 x 1300,0.00 x 1000,741.67 - 755.79,576.13 - 797.89,292587,299995
AVB,178.61,+0.26%,0.47,178.14,180.03,0.00 x 800,0.00 x 800,177.21 - 182.62,152.65 - 188.91,933373,534749
AVY,90.59,+1.34%,1.2,89.39,89.69,0.00 x 900,0.00 x 800,88.67 - 90.97,88.67 - 123.67,984749,595080
BHGE,27.26,+2.52%,0.67,26.59,27.51,27.01 x 900,27.49 x 800,25.55 - 27.51,25.53 - 37.76,7803737,3227367
BLL,44.97,+2.51%,1.1,43.87,43.84,39.00 x 800,0.00 x 2200,43.80 - 45.06,34.71 - 46.89,2875851,3040464
BAC,26.78,+0.64%,0.17,26.61,26.76,26.80 x 1400,26.84 x 1400,26.32 - 26.86,25.81 - 33.05,79004847,59723684
BK,46.92,+2.51%,1.15,45.77,46.1,45.01 x 2200,48.17 x 3000,45.92 - 46.97,45.16 - 58.99,7078810,5417490
BAX,68.66,+2.42%,1.62,67.04,67.22,0.00 x 800,0.00 x 1100,67.00 - 68.89,62.52 - 78.38,5427746,2882530
BBT,48.28,+1.07%,0.51,47.77,48.01,0.00 x 3200,0.00 x 800,47.20 - 48.41,45.73 - 56.31,6667143,3444675
BDX,230.6,+0.92%,2.1,228.5,229.22,210.60 x 1200,235.00 x 1000,226.96 - 231.38,203.99 - 265.87,1203712,967630
BRK.B,,,--,nan,nan,N/A x N/A,N/A x N/A,N/A - N/A,undefined - undefined,nan,nan
BBY,70.51,+3.72%,2.53,67.98,68.06,70.25 x 900,70.80 x 900,67.68 - 70.89,52.92 - 84.37,3156807,3327763
BIIB,306.28,+1.77%,5.32,300.96,301.92,282.50 x 100,319.88 x 100,298.34 - 306.69,249.17 - 388.67,1174456,1262787
BLK,403.83,+3.37%,13.18,390.65,392.38,380.01 x 900,413.00 x 1000,390.86 - 406.21,376.31 - 594.52,1489686,783947
HRB,26.6,+3.38%,0.87,25.73,25.76,0.00 x 800,27.57 x 4000,25.76 - 26.65,22.45 - 29.81,2465803,2591726
BA,349.91,+4.27%,14.32,335.59,330.35,0.00 x 900,0.00 x 800,329.77 - 351.05,256.24 - 394.28,5773971,3440198
BKNG,1836,+2.68%,47.97,1788.03,1790.4,"1,830.01 x 100","1,845.00 x 100","1,775.00 - 1,843.47","1,630.56 - 2,228.99",381884,450487
BWA,38.9,-1.67%,-0.66,39.56,39.53,35.56 x 800,43.05 x 1800,38.43 - 39.90,35.71 - 58.22,3063629,2327781
BXP,116.98,-0.03%,-0.03,117.01,117.41,0.00 x 800,125.00 x 4000,116.28 - 118.77,111.57 - 132.82,810013,740420
BSX,35.91,+1.50%,0.53,35.38,35.19,33.88 x 900,36.60 x 1000,35.01 - 35.95,24.54 - 39.44,8167260,7132864
BHF,38.91,+1.89%,0.72,38.19,38.47,32.35 x 800,39.04 x 1800,37.68 - 39.08,37.68 - 67.55,1136839,1140235
BMY,50.02,+0.58%,0.29,49.73,49.72,49.68 x 800,50.20 x 800,49.08 - 50.19,46.94 - 70.05,11263986,6766878
AVGO,221.01,+4.50%,9.51,211.5,213.78,219.10 x 100,221.20 x 800,211.00 - 221.55,197.46 - 285.68,2450286,3836233
BR,114.25,+0.84%,0.95,113.3,113.7,101.95 x 1000,124.70 x 2200,112.84 - 115.27,85.88 - 138.24,701276,852784
BF.B,,,--,nan,nan,N/A x N/A,N/A x N/A,N/A - N/A,undefined - undefined,nan,nan
CHRW,88.29,+1.41%,1.23,87.06,87.4,85.40 x 3000,89.00 x 800,86.74 - 88.86,77.52 - 101.20,1476563,1002006
CA,44.27,+0.23%,0.1,44.17,44.21,44.26 x 800,44.40 x 2900,44.19 - 44.37,31.97 - 44.37,3561634,4333506
COG,24.27,+5.71%,1.31,22.96,22.95,21.51 x 4000,0.00 x 3000,22.88 - 24.39,20.95 - 29.57,9497514,6388744
CDNS,44.38,+0.41%,0.18,44.2,44.16,40.50 x 1200,44.41 x 4000,43.65 - 44.90,35.49 - 47.40,1931477,1876307
CPB,38.24,+1.73%,0.65,37.59,37.86,0.00 x 2200,0.00 x 900,37.72 - 38.31,32.63 - 51.07,3823208,3954065
COF,87.84,+1.60%,1.38,86.46,86.85,0.00 x 800,0.00 x 1200,85.95 - 87.93,84.94 - 106.50,2824698,2508695
CAH,51.57,+2.65%,1.33,50.24,50.38,0.00 x 1300,0.00 x 800,50.00 - 51.60,48.14 - 75.75,4245472,3547012
KMX,68.16,-3.54%,-2.5,70.66,69.57,0.00 x 1200,0.00 x 800,67.80 - 70.01,57.05 - 81.67,3267877,1451246
CCL,54.14,+0.13%,0.07,54.07,54.09,52.28 x 900,0.00 x 800,53.57 - 54.46,53.47 - 72.70,5164498,3795756
CAT,117.46,+3.05%,3.48,113.98,114,0.00 x 900,0.00 x 800,113.10 - 117.74,112.06 - 173.24,8057620,5562561
CBOE,111.95,+2.79%,3.04,108.91,109.59,0.00 x 900,114.49 x 800,109.00 - 112.42,91.10 - 138.54,791495,901453
CBRE,40.12,+1.93%,0.76,39.36,39.56,0.00 x 1400,50.00 x 2200,39.25 - 40.21,38.05 - 50.43,2262329,1845160
CBS,56.24,+3.90%,2.11,54.13,54.35,0.00 x 1100,0.00 x 800,54.06 - 56.27,47.54 - 61.59,2670920,3710173
CELG,72.34,+1.27%,0.91,71.43,71.44,72.11 x 1000,72.41 x 800,70.42 - 72.41,70.09 - 110.81,7386903,4795301
CNC,128.15,+2.61%,3.26,124.89,125.14,0.00 x 800,0.00 x 1800,123.84 - 128.50,90.07 - 148.24,1978079,1340580
CNP,27.3,+0.29%,0.08,27.22,27.32,0.00 x 28000,0.00 x 1400,27.06 - 27.50,24.81 - 30.17,4479286,5180807
CTL,20.46,+3.54%,0.7,19.76,19.72,19.60 x 900,21.16 x 1000,19.72 - 20.53,13.16 - 24.20,9750361,10808420
CERN,57.45,-1.63%,-0.95,58.4,58.68,51.81 x 800,57.49 x 800,57.03 - 59.34,50.91 - 73.43,3487277,1869861
CF,46.25,+3.17%,1.42,44.83,44.91,44.29 x 800,0.00 x 800,44.33 - 46.56,33.50 - 56.51,4730497,2779684
SCHW,45.57,+4.28%,1.87,43.7,44.37,45.57 x 2200,0.00 x 800,44.19 - 45.67,42.01 - 60.22,11310780,6778343
CHTR,316.22,+5.11%,15.37,300.85,302.36,250.15 x 300,316.43 x 200,301.85 - 316.90,250.10 - 396.64,1323487,1537361
CVX,110.85,+1.76%,1.92,108.93,109.62,0.00 x 1100,112.50 x 800,108.28 - 111.15,108.02 - 133.88,7523837,5636175
CMG,461.77,+4.74%,20.9,440.87,438.68,0.00 x 800,469.00 x 1100,438.12 - 462.45,247.52 - 530.68,992855,827701
CB,125.37,+1.91%,2.35,123.02,123.85,122.00 x 900,132.00 x 1000,122.89 - 125.53,120.50 - 157.50,1967301,1565772
CHD,60.23,+2.29%,1.35,58.88,59.18,0.00 x 900,0.00 x 1100,59.18 - 60.32,43.21 - 61.28,1872043,1431586
CI,210.26,+1.64%,3.39,206.87,207.9,200.00 x 800,226.00 x 800,206.27 - 210.65,163.02 - 227.13,1993989,2731464
XEC,79,+0.61%,0.48,78.52,77.97,0.00 x 800,0.00 x 800,77.82 - 79.85,77.63 - 130.16,2121941,1340075
CINF,78.37,+2.04%,1.57,76.8,77.21,70.00 x 800,80.61 x 100,76.39 - 78.47,66.33 - 79.67,523726,529440
CTAS,177.89,+3.48%,5.99,171.9,173.11,174.29 x 200,215.00 x 400,173.11 - 178.38,144.40 - 217.34,993816,603150
CSCO,44.58,+1.69%,0.74,43.84,43.92,44.47 x 1000,44.58 x 2900,43.75 - 44.69,33.67 - 49.47,22784273,20626890
C,64.53,+0.28%,0.18,64.35,64.6,64.58 x 1400,0.00 x 1800,63.81 - 65.19,63.18 - 80.70,19951948,15264713
CFG,36.33,+1.23%,0.44,35.89,36.14,34.78 x 4000,0.00 x 1200,35.55 - 36.39,34.88 - 48.23,5997650,4136006
CTXS,101.55,+0.24%,0.24,101.31,101.53,70.55 x 800,122.00 x 100,100.26 - 103.16,81.11 - 116.82,1059537,1587361
CLX,152.82,+2.70%,4.02,148.8,149.68,0.00 x 1000,0.00 x 800,148.95 - 152.95,113.57 - 155.23,1335000,1015275
CME,182.47,+1.72%,3.08,179.39,180.51,171.00 x 900,182.75 x 100,179.56 - 182.71,135.61 - 183.79,1510724,1441039
CMS,49.85,+0.12%,0.06,49.79,50,46.11 x 4000,0.00 x 900,49.25 - 50.24,40.48 - 51.91,4382014,2278255
KO,47.63,+2.52%,1.17,46.46,46.62,47.67 x 1200,0.00 x 1000,46.04 - 47.74,41.45 - 48.62,20895360,11165587
CTSH,66.52,-3.90%,-2.7,69.22,66.65,66.50 x 800,66.56 x 1800,65.14 - 67.93,65.14 - 85.10,9019611,3336941
CL,60.19,+3.99%,2.31,57.88,58.31,57.61 x 1800,63.00 x 1400,57.94 - 60.31,57.41 - 77.91,8210193,3592798
CMCSA,37.71,+4.78%,1.72,35.99,36.49,37.53 x 1000,37.69 x 900,36.12 - 37.77,30.43 - 44.00,32873828,21003069
CMA,80.76,+1.23%,0.98,79.78,80.3,0.00 x 1300,0.00 x 1800,79.16 - 80.95,74.16 - 102.66,2372232,1670204
CAG,36.38,+1.17%,0.42,35.96,36.15,34.83 x 4000,37.25 x 800,36.02 - 36.74,32.82 - 39.43,6308201,5991741
CXO,135.75,+3.68%,4.82,130.93,130.16,0.00 x 1000,172.10 x 1800,130.15 - 136.94,123.63 - 163.11,2580778,1812878
COP,69.52,+3.22%,2.17,67.35,67.18,67.36 x 800,0.00 x 800,66.86 - 69.71,48.97 - 80.24,6506888,5740241
ED,77.23,-0.14%,-0.11,77.34,77.62,74.50 x 1200,0.00 x 1300,76.50 - 78.14,71.12 - 89.70,2067910,1771750
STZ,198.47,-2.11%,-4.28,202.75,200.84,197.27 x 900,0.00 x 800,196.26 - 201.59,196.26 - 236.62,3477340,2366206
COO,254.29,+2.66%,6.59,247.7,249.14,0.00 x 900,0.00 x 800,248.71 - 254.60,216.47 - 280.10,231122,295192
CPRT,48.5,+3.10%,1.46,47.04,47.11,45.00 x 800,51.84 x 1000,46.95 - 48.55,35.32 - 67.08,993561,2248486
GLW,31.23,+2.09%,0.64,30.59,30.62,31.07 x 900,31.49 x 900,30.42 - 31.31,26.11 - 36.56,6705887,5452284
COST,227.92,+2.47%,5.5,222.42,223.1,227.60 x 100,228.07 x 800,223.01 - 228.21,159.72 - 245.16,1884914,2270876
COTY,10.19,+3.87%,0.38,9.81,9.88,0.00 x 4000,0.00 x 29200,9.78 - 10.21,9.69 - 21.68,10223933,7992212
CCI,109.52,+3.27%,3.47,106.05,106.77,0.00 x 800,0.00 x 800,105.98 - 110.12,98.85 - 114.97,3117118,2134675
CSX,68.81,+4.75%,3.12,65.69,65.98,68.20 x 2900,68.85 x 1300,65.93 - 68.98,48.26 - 76.24,7568236,5597480
CMI,134.4,+2.30%,3.02,131.38,129.73,0.00 x 800,0.00 x 800,124.72 - 134.99,124.72 - 194.18,3202928,1495773
CVS,72.39,+2.62%,1.85,70.54,71.03,0.00 x 1400,72.60 x 800,70.33 - 72.47,60.14 - 83.88,7205948,7372789
DHI,36.36,+3.77%,1.32,35.04,34.93,33.31 x 3200,37.00 x 1300,34.63 - 36.41,34.37 - 53.32,6062074,4345689
DHR,97.72,+0.90%,0.87,96.85,97.14,0.00 x 900,0.00 x 800,96.48 - 98.38,91.65 - 110.13,3178496,2373061
DRI,108.07,+2.77%,2.91,105.16,105.94,54.42 x 900,0.00 x 1000,104.10 - 108.16,79.18 - 124.00,1390290,1237472
DVA,66.76,+1.01%,0.67,66.09,66.34,0.00 x 800,72.75 x 1300,65.61 - 66.90,52.51 - 80.71,1325497,1486655
DE,132.76,+1.69%,2.2,130.56,130.5,0.00 x 800,0.00 x 800,129.29 - 132.96,129.29 - 175.26,2347645,2416586
DAL,55.12,+3.18%,1.7,53.42,53.39,0.00 x 1000,0.00 x 800,53.38 - 55.22,48.33 - 60.79,7526163,5832944
XRAY,34.99,+1.95%,0.67,34.32,34.48,15.00 x 3200,35.01 x 1800,34.08 - 35.13,33.93 - 68.98,2635226,3135361
DVN,32.32,+4.33%,1.34,30.98,30.76,0.00 x 800,0.00 x 1800,30.66 - 32.39,29.83 - 46.54,7518775,6610629
DLR,103.97,-2.08%,-2.21,106.18,106.15,102.75 x 800,0.00 x 800,103.05 - 107.60,96.56 - 125.10,2880009,1368921
DFS,69.18,+1.86%,1.26,67.92,68.41,0.00 x 800,70.00 x 900,67.80 - 69.31,63.31 - 81.93,2098944,1923730
DISCA,31.25,+2.93%,0.89,30.36,30.41,30.11 x 1100,31.57 x 800,30.32 - 31.89,15.99 - 34.06,3927129,4033324
DISCK,28.37,+2.83%,0.78,27.59,27.67,24.00 x 2900,34.00 x 1000,27.67 - 28.91,14.99 - 31.39,2393334,2372509
DISH,29.45,+5.07%,1.42,28.03,28.01,29.59 x 800,30.54 x 2200,27.89 - 29.65,27.54 - 52.53,3212622,3136749
DG,112.45,+2.30%,2.53,109.92,110.28,0.00 x 1000,0.00 x 1000,110.00 - 112.50,79.79 - 113.48,2418999,2271829
DLTR,84.34,+0.66%,0.55,83.79,84.21,81.01 x 800,85.48 x 100,83.68 - 85.08,78.78 - 116.65,1808749,4106715
D,72.84,+0.89%,0.64,72.2,72.52,0.00 x 800,74.71 x 2900,71.72 - 72.94,61.53 - 85.30,3824358,2982972
DOV,83.03,+1.75%,1.43,81.6,81.78,0.00 x 1000,0.00 x 800,81.60 - 83.25,70.11 - 90.26,1925278,1558316
DWDP,52.63,+1.08%,0.56,52.07,52.05,52.63 x 1200,53.47 x 3200,51.55 - 53.12,51.32 - 77.08,15344570,9473936
DTE,114.36,+0.64%,0.73,113.63,114.06,0.00 x 900,0.00 x 800,112.89 - 114.82,94.25 - 118.22,1202154,1159807
DRE,27.98,-0.21%,-0.06,28.04,28.13,0.00 x 4000,0.00 x 900,27.93 - 28.44,24.30 - 29.48,2429799,2268818
DUK,83.83,+0.44%,0.37,83.46,83.8,0.00 x 1100,0.00 x 1200,82.63 - 84.23,71.96 - 91.80,2995980,3876155
DXC,71.06,+2.19%,1.52,69.54,69.42,0.00 x 1100,77.69 x 800,69.04 - 71.58,68.59 - 96.75,1904693,1945411
ETFC,48.24,+1.15%,0.55,47.69,47.62,45.67 x 1000,48.89 x 1000,46.79 - 48.33,42.56 - 66.46,3971163,2985920
EMN,79.02,+3.44%,2.63,76.39,76.39,0.00 x 800,0.00 x 1000,75.99 - 79.38,73.95 - 112.45,1855271,1116250
ETN,70.35,-0.96%,-0.68,71.03,68.43,0.00 x 1300,71.00 x 800,67.70 - 70.88,67.70 - 89.85,7648224,2542947
EBAY,27.42,+2.24%,0.6,26.82,26.9,27.80 x 800,28.00 x 1100,26.78 - 27.67,26.36 - 46.99,17060111,10507972
ECL,149,+1.66%,2.44,146.56,137.7,0.00 x 1100,160.00 x 100,137.70 - 149.86,125.74 - 159.92,2967235,1056243
EIX,69.53,+0.61%,0.42,69.11,69.55,0.00 x 900,0.00 x 1000,68.41 - 69.90,57.63 - 83.38,1527735,1990318
EW,142.56,+2.40%,3.34,139.22,139.27,0.00 x 100,0.00 x 300,139.27 - 143.23,100.85 - 175.00,1304931,1647592
EA,94.83,+3.99%,3.64,91.19,91.67,89.59 x 1100,90.50 x 1100,91.00 - 94.83,89.12 - 151.26,5738336,4909312
EMR,67.81,+2.23%,1.48,66.33,66.27,63.15 x 1000,70.36 x 800,66.17 - 67.92,57.47 - 79.70,2895182,2846653
ETR,82.94,-1.27%,-1.07,84.01,84.3,75.78 x 800,0.00 x 1000,82.44 - 84.50,71.95 - 87.95,1843185,1471026
EOG,105.51,+3.40%,3.47,102.04,101.69,0.00 x 1000,0.00 x 900,101.03 - 106.16,96.54 - 133.53,4274156,2772535
EQT,32.87,+6.03%,1.87,31,30.92,28.16 x 800,34.01 x 1800,30.86 - 32.95,30.53 - 66.03,7205766,3292373
EFX,99.03,+2.49%,2.41,96.62,97.09,95.00 x 200,0.00 x 100,96.95 - 99.26,90.54 - 138.69,1416778,1058201
EQIX,376.79,-0.82%,-3.12,379.91,380.53,315.51 x 200,511.00 x 100,374.39 - 383.60,370.79 - 495.35,849372,497727
EQR,65.78,-0.66%,-0.44,66.22,66.45,40.87 x 900,0.00 x 800,65.63 - 66.95,54.97 - 70.46,2052410,1551492
ESS,255.64,-0.35%,-0.91,256.55,257.28,0.00 x 200,0.00 x 800,253.78 - 259.11,214.03 - 264.07,1107801,392678
EL,131.22,+3.76%,4.76,126.46,126.65,0.00 x 1100,135.00 x 1800,126.30 - 131.69,110.52 - 158.80,3522142,2258686
EVRG,56.28,-0.51%,-0.29,56.57,56.77,0.00 x 800,0.00 x 1000,55.85 - 56.94,50.89 - 59.28,1448687,1686956
ES,64.03,+0.16%,0.1,63.93,64.28,0.00 x 1100,0.00 x 1100,63.15 - 64.40,52.76 - 66.15,1459003,1333927
RE,219.49,+6.31%,13.03,206.46,218.32,185.75 x 800,0.00 x 800,210.23 - 220.35,203.90 - 264.88,516735,282080
EXC,44.38,+0.68%,0.3,44.08,44.79,0.00 x 1400,0.00 x 800,43.93 - 44.79,35.57 - 45.05,6306854,5458248
EXPE,124.49,+2.27%,2.76,121.73,121.28,124.02 x 800,125.00 x 800,120.15 - 125.03,98.52 - 150.13,2194146,1597469
EXPD,67.46,+2.68%,1.76,65.7,65.84,66.45 x 900,69.35 x 1000,65.84 - 67.72,56.45 - 78.16,955625,1133361
ESRX,95.42,+0.58%,0.55,94.87,95.4,94.41 x 1400,95.48 x 1400,94.44 - 95.84,59.17 - 97.22,1968154,4376449
EXR,90.97,+0.41%,0.37,90.6,90.5,74.94 x 900,94.95 x 800,89.83 - 91.82,77.53 - 101.96,2085502,900703
XOM,78.78,+2.25%,1.73,77.05,77.62,0.00 x 1400,78.91 x 800,77.42 - 79.03,72.16 - 89.30,17758234,11331620
FFIV,171.44,+1.69%,2.85,168.59,168.69,171.00 x 100,172.29 x 900,166.92 - 171.61,119.40 - 199.71,554072,664655
FB,146.22,+2.91%,4.13,142.09,139.93,150.80 x 1000,151.00 x 1200,139.74 - 146.57,139.03 - 218.62,39038503,25639933
FAST,51.32,+4.22%,2.08,49.24,49.6,50.03 x 1000,51.35 x 1800,49.40 - 51.40,46.40 - 61.14,2934881,2643735
FRT,126.91,+1.28%,1.6,125.31,125.9,112.75 x 900,0.00 x 1200,125.12 - 128.32,106.41 - 134.52,614933,406913
FDX,216.53,+2.60%,5.49,211.04,211.08,0.00 x 100,223.49 x 100,210.90 - 217.14,207.90 - 274.66,1302404,1631010
FIS,103.62,+4.53%,4.49,99.13,100.12,0.00 x 800,105.99 x 2200,98.76 - 103.66,89.31 - 110.83,3478229,1477620
FITB,26.86,+0.86%,0.23,26.63,26.7,26.67 x 900,28.94 x 1100,26.21 - 26.91,24.10 - 34.67,8709437,5306880
FE,37.23,-0.08%,-0.03,37.26,37.42,0.00 x 41800,0.00 x 2900,36.92 - 37.84,29.34 - 39.01,4877129,3552964
FISV,77.94,+0.98%,0.76,77.18,77.42,76.22 x 1400,79.99 x 800,76.73 - 78.00,60.19 - 82.79,2845241,1804012
FLT,185.25,+1.10%,2.02,183.23,183.85,0.00 x 800,0.00 x 100,180.63 - 185.83,163.39 - 230.24,1434601,569293
FLIR,46.36,-12.92%,-6.88,53.24,50.5,46.36 x 900,47.25 x 1100,45.00 - 50.50,45.00 - 63.88,3602816,742415
FLS,45.9,+3.26%,1.45,44.45,44.46,0.00 x 1000,60.00 x 1100,44.13 - 46.09,37.71 - 56.86,1833754,1112978
FLR,44.53,+2.60%,1.13,43.4,43.49,0.00 x 800,47.70 x 1200,43.17 - 44.65,42.44 - 62.09,1552537,1392895
FMC,77.29,+1.36%,1.04,76.25,76.32,0.00 x 800,0.00 x 1000,75.59 - 77.49,72.73 - 98.70,1134634,1074472
FL,48.65,+4.80%,2.23,46.42,46.8,30.00 x 1300,0.00 x 1000,46.44 - 48.85,28.42 - 59.40,3192420,3269227
F,9.46,+1.94%,0.18,9.28,9.31,9.49 x 3100,9.50 x 900,9.27 - 9.56,8.17 - 13.48,58061997,44765401
FTNT,78.95,+1.82%,1.41,77.54,77.28,79.00 x 100,84.66 x 800,76.91 - 79.46,38.12 - 94.37,1741127,2466252
FTV,71.68,-0.72%,-0.52,72.2,72.2,0.00 x 1200,0.00 x 800,70.80 - 72.60,69.03 - 88.34,5129506,6271640
FBHS,44.17,+6.67%,2.76,41.41,41.4,0.00 x 900,52.40 x 1800,40.92 - 44.40,40.89 - 73.62,3918827,1810000
BEN,30.98,+4.56%,1.35,29.63,29.77,29.93 x 1800,31.55 x 800,29.77 - 31.01,28.12 - 45.96,6576776,3702916
FCX,11.41,+2.89%,0.32,11.09,10.99,11.30 x 900,0.00 x 900,10.95 - 11.48,10.59 - 20.25,22696245,19252692
GPS,28.48,+3.04%,0.84,27.64,27.72,26.05 x 3100,28.88 x 4000,27.55 - 28.52,25.27 - 35.68,3599654,4870260
GRMN,63.05,+2.07%,1.28,61.77,61.76,63.20 x 800,64.98 x 800,61.58 - 63.18,56.21 - 70.77,1557806,1164164
IT,142.23,+0.97%,1.37,140.86,141.19,142.23 x 1300,142.26 x 100,140.51 - 143.76,111.57 - 161.21,1830614,591745
GD,171.89,+2.90%,4.85,167.04,167.38,0.00 x 900,0.00 x 800,166.44 - 172.62,164.76 - 230.00,2405798,1320506
GE,10.18,-8.78%,-0.98,11.16,10.56,10.16 x 3100,0.00 x 2200,9.87 - 11.40,9.87 - 20.75,344976676,74022756
GIS,45.5,+3.08%,1.36,44.14,44.54,0.00 x 4000,45.50 x 900,44.35 - 45.56,41.01 - 60.69,7296614,4531293
GM,33.54,+1.24%,0.41,33.13,33.18,33.56 x 1200,0.00 x 900,33.02 - 33.92,30.56 - 45.52,16287542,12744018
GPC,98.33,-1.42%,-1.42,99.75,97.18,0.00 x 800,0.00 x 2900,97.18 - 98.92,84.71 - 107.75,2080821,731092
GILD,72.04,+1.61%,1.14,70.9,71.24,71.12 x 1100,72.07 x 1200,71.05 - 72.60,64.27 - 89.54,5561235,6355875
GPN,110.66,+1.67%,1.82,108.84,109.5,0.00 x 900,119.80 x 900,107.64 - 113.23,95.32 - 129.25,2416044,1114615
GS,219.28,+2.23%,4.79,214.49,215.99,0.00 x 200,219.99 x 100,215.04 - 220.35,208.40 - 275.31,3897378,2818118
GT,21.58,+2.57%,0.54,21.04,21.03,21.64 x 800,21.81 x 3200,20.73 - 21.84,19.25 - 36.07,4850676,3634101
GWW,283.15,+2.76%,7.6,275.55,275.55,160.00 x 100,0.00 x 100,274.21 - 283.34,191.39 - 372.06,947017,715061
HAL,35.06,+1.86%,0.64,34.42,34.26,0.00 x 1000,35.90 x 3000,34.10 - 35.22,33.73 - 57.86,10404432,8887838
HBI,17.59,+5.27%,0.88,16.71,16.74,0.00 x 900,0.00 x 900,16.71 - 17.62,16.08 - 23.33,7514779,5801972
HOG,37.76,+3.40%,1.24,36.52,36.47,37.12 x 1100,39.00 x 800,36.45 - 37.80,35.76 - 56.50,2421018,2169383
HRS,150.85,+2.84%,4.16,146.69,146.19,0.00 x 300,162.00 x 200,143.16 - 151.11,135.21 - 175.50,1855409,839460
HIG,45.14,+1.30%,0.58,44.56,44.76,0.00 x 1200,0.00 x 2900,44.03 - 45.21,43.31 - 59.20,2799750,2568626
HAS,91.84,-0.21%,-0.19,92.03,92.1,91.84 x 800,94.87 x 800,91.25 - 93.49,79.00 - 109.60,1106513,1182716
HCA,135.21,+4.81%,6.21,129,128,0.00 x 200,0.00 x 1400,121.17 - 136.07,74.26 - 141.11,4695770,1750769
HCP,27.35,+1.22%,0.33,27.02,27.13,0.00 x 3000,0.00 x 3100,26.96 - 27.78,21.48 - 27.78,6345322,2583712
HP,61.93,+1.57%,0.96,60.97,60.65,0.00 x 800,0.00 x 1300,60.13 - 62.06,52.53 - 75.02,1565796,1154618
HSIC,83.34,+2.62%,2.13,81.21,81.47,69.67 x 100,83.48 x 1000,81.06 - 83.48,62.56 - 90.52,1609284,1373427
HSY,108.04,+1.92%,2.04,106,106,0.00 x 2900,0.00 x 4000,105.77 - 108.09,89.10 - 115.82,1775601,1104132
HES,57.08,+1.64%,0.92,56.16,56.21,0.00 x 1300,58.00 x 1100,55.20 - 57.22,40.37 - 74.81,3736650,2952243
HPE,14.93,+2.47%,0.36,14.57,14.57,0.00 x 42300,0.00 x 21500,14.51 - 14.94,12.81 - 19.48,8297060,9830500
HLT,68.7,+0.15%,0.1,68.6,68.6,62.50 x 1000,70.76 x 1400,67.86 - 69.63,63.76 - 88.11,3200491,3750269
HFC,63.26,+1.79%,1.11,62.15,62.26,0.00 x 200,0.00 x 1400,61.79 - 63.59,36.41 - 83.28,2119050,2301556
HOLX,38.65,+1.98%,0.75,37.9,38.03,35.00 x 800,38.67 x 800,37.91 - 38.69,35.10 - 45.09,1549898,2116587
HD,176.24,+1.76%,3.04,173.2,173.16,0.00 x 1000,0.00 x 200,172.64 - 176.43,160.53 - 215.43,5657107,4595516
HON,142.96,+1.35%,1.9,141.06,141.46,0.00 x 1000,0.00 x 1000,140.67 - 143.09,133.71 - 162.52,4204636,2930335
HRL,43.36,+1.59%,0.68,42.68,42.86,0.00 x 2200,0.00 x 2200,42.84 - 43.39,30.44 - 43.39,3716710,2661043
HST,18.97,+1.55%,0.29,18.68,18.75,0.00 x 1800,0.00 x 40000,18.63 - 19.07,17.93 - 22.47,8289996,7076287
HPQ,23.67,+2.82%,0.65,23.02,23.07,23.41 x 1000,25.00 x 1400,22.98 - 23.70,19.31 - 27.08,9441089,8990050
HUM,323.5,+1.85%,5.89,317.61,318.59,0.00 x 100,0.00 x 100,314.71 - 323.97,231.90 - 341.30,448954,500867
HBAN,14.08,+1.44%,0.2,13.88,13.95,13.58 x 45100,14.39 x 900,13.68 - 14.10,13.04 - 16.60,17910539,11043852
HII,214.16,+2.67%,5.57,208.59,207.71,0.00 x 100,267.28 x 100,206.99 - 214.41,201.91 - 276.69,382633,330940
IDXX,210.22,+3.09%,6.31,203.91,204.21,190.00 x 100,217.18 x 800,204.03 - 210.46,146.09 - 256.22,659522,486083
INFO,51.43,+2.00%,1.01,50.42,50.65,45.00 x 900,51.49 x 1800,50.51 - 51.45,42.40 - 55.99,1759151,1554106
ITW,129.7,+3.08%,3.88,125.82,126.16,119.00 x 100,0.00 x 900,125.87 - 130.04,119.38 - 179.07,2391962,1675255
ILMN,303.75,+3.93%,11.5,292.25,292.81,301.40 x 300,305.00 x 100,289.28 - 304.01,203.39 - 372.61,1075429,1068295
IR,95.96,+2.82%,2.63,93.33,93.48,0.00 x 100,0.00 x 800,93.17 - 96.08,79.63 - 105.76,2227510,1647106
INTC,47.76,+5.20%,2.36,45.4,45.53,47.91 x 1200,48.00 x 1000,45.46 - 47.87,42.04 - 57.60,39002054,27023963
ICE,73.1,+0.32%,0.23,72.87,73.41,0.00 x 900,79.50 x 800,72.49 - 73.70,65.15 - 78.48,8262948,2562076
IBM,115.4,-3.54%,-4.24,119.64,120.48,116.38 x 4000,0.00 x 1200,115.15 - 121.50,115.15 - 171.13,21458594,5212598
INCY,61.03,-3.62%,-2.29,63.32,61.41,61.00 x 800,63.96 x 1000,58.33 - 63.00,58.33 - 117.95,5361375,1484189
IP,45.38,+3.99%,1.74,43.64,43.74,0.00 x 4000,0.00 x 1200,43.63 - 45.62,39.60 - 66.94,5469052,3226367
IPG,23.4,+1.92%,0.44,22.96,22.95,21.43 x 4000,0.00 x 1000,22.91 - 23.41,18.30 - 26.01,4419530,4339075
IFF,144.39,+3.29%,4.6,139.79,140.08,0.00 x 200,0.00 x 800,139.17 - 144.60,122.11 - 157.40,1161942,1160335
INTU,202.8,+1.06%,2.13,200.67,200.88,202.80 x 100,207.30 x 100,199.47 - 204.21,150.43 - 231.84,1283922,1628612
ISRG,490.82,+2.71%,12.96,477.86,477.04,497.00 x 100,504.00 x 200,472.68 - 491.65,359.75 - 581.12,1010016,692920
IVZ,21.92,+3.20%,0.68,21.24,21.4,0.00 x 900,0.00 x 29200,21.28 - 21.99,19.66 - 38.43,7570182,5220415
IPGP,141.8,+7.97%,10.47,131.33,108.51,137.05 x 200,152.73 x 100,107.59 - 142.22,107.59 - 264.11,2157357,870789
IQV,119.83,-0.81%,-0.98,120.81,121.26,88.00 x 100,0.00 x 100,118.54 - 122.36,91.57 - 135.48,1433785,1136161
IRM,31.61,+0.77%,0.24,31.37,31.46,30.79 x 1800,32.85 x 800,31.15 - 31.98,30.22 - 41.53,2293717,1838995
JEC,74.14,+2.40%,1.74,72.4,72.27,0.00 x 800,0.00 x 800,72.15 - 74.27,55.21 - 78.32,952363,1112146
JBHT,109.76,+2.48%,2.66,107.1,107.24,99.76 x 100,119.00 x 100,107.24 - 110.46,100.78 - 131.74,839879,775560
JEF,21.03,+2.19%,0.45,20.58,20.69,0.00 x 800,0.00 x 800,20.66 - 21.29,20.22 - 28.17,2556066,1996186
SJM,109.6,+1.75%,1.89,107.71,108.27,103.00 x 800,0.00 x 800,108.05 - 110.40,96.13 - 133.38,1963123,1143730
JNJ,140.75,+2.33%,3.2,137.55,137.93,0.00 x 800,0.00 x 800,137.00 - 141.10,118.62 - 148.32,9646224,6355250
JCI,31.81,+1.69%,0.53,31.28,31.33,0.00 x 900,32.95 x 3000,31.06 - 31.95,30.60 - 41.98,8146778,5277056
JPM,106.7,+1.76%,1.85,104.85,105.71,0.00 x 900,0.00 x 1800,104.86 - 106.98,95.95 - 119.33,18019681,13698441
JNPR,28.78,+2.60%,0.73,28.05,28.22,0.00 x 3100,0.00 x 1400,28.07 - 28.81,23.61 - 30.23,4956811,4216069
KSU,101.3,+2.47%,2.44,98.86,99.23,90.04 x 1000,108.80 x 800,98.82 - 101.39,97.46 - 120.34,1595713,1156576
K,71.86,+2.23%,1.57,70.29,70.88,0.00 x 200,0.00 x 800,70.44 - 72.02,56.40 - 74.98,2010218,1784910
KEY,17.82,+1.89%,0.33,17.49,17.58,16.78 x 39400,18.91 x 40000,17.41 - 17.87,16.48 - 22.40,15856921,11375015
KMB,106.23,+3.84%,3.93,102.3,103.09,0.00 x 800,0.00 x 900,103.01 - 106.55,97.10 - 123.77,2894379,2239701
KIM,16.31,+2.45%,0.39,15.92,15.97,0.00 x 46000,0.00 x 2900,15.95 - 16.45,13.16 - 19.53,5317561,3561927
KMI,16.76,+3.08%,0.5,16.26,16.27,16.36 x 1000,0.00 x 1400,16.27 - 16.78,14.69 - 19.83,20923123,13380364
KLAC,91.6,+7.60%,6.47,85.13,88.5,91.30 x 100,91.75 x 900,87.02 - 92.48,84.59 - 123.96,2566280,1743595
KSS,78.42,+3.27%,2.48,75.94,76.18,0.00 x 1400,0.00 x 1800,76.05 - 78.77,37.97 - 82.42,4321208,3068515
KHC,55.85,+0.59%,0.33,55.52,55.62,55.60 x 3100,55.83 x 1800,55.33 - 56.43,53.03 - 82.48,5494333,6312898
KR,30.09,+6.59%,1.86,28.23,28.36,0.00 x 1100,0.00 x 900,28.22 - 30.19,20.56 - 32.74,18527231,9298635
LB,32.44,+3.54%,1.11,31.33,31.46,0.00 x 2200,0.00 x 900,31.37 - 32.45,25.89 - 63.10,4271131,5748344
LLL,191.8,+3.00%,5.58,186.22,185.08,0.00 x 900,0.00 x 100,181.56 - 192.36,180.24 - 223.73,1088298,650763
LH,158.42,+0.20%,0.31,158.11,156.71,0.00 x 100,0.00 x 800,156.15 - 158.65,147.70 - 190.36,783461,731793
LRCX,139.27,+2.57%,3.49,135.78,135.83,139.50 x 800,139.99 x 1000,134.86 - 141.08,134.86 - 234.88,3574054,3051909
LEG,36.29,+5.31%,1.83,34.46,34.72,0.00 x 1200,0.00 x 1800,34.30 - 36.36,34.07 - 49.88,2928187,1179796
LEN,43.04,+4.95%,2.03,41.01,40.91,0.00 x 1200,0.00 x 2200,40.37 - 43.11,38.94 - 72.17,10655834,3972800
LLY,108.34,+0.88%,0.94,107.4,107.23,0.00 x 800,0.00 x 1000,107.08 - 108.51,73.69 - 116.61,3325906,4030712
LNC,58.9,+1.99%,1.15,57.75,58.33,0.00 x 1000,0.00 x 900,57.50 - 58.99,57.06 - 86.68,1967005,1475558
LKQ,26.68,+0.23%,0.06,26.62,26.6,24.77 x 40700,31.50 x 800,26.23 - 26.95,25.35 - 43.86,3678492,2706073
LMT,291.07,+1.53%,4.4,286.67,285.61,0.00 x 100,0.00 x 800,283.72 - 292.50,283.21 - 363.00,2870022,1255329
L,46.12,+1.81%,0.82,45.3,45.54,0.00 x 900,0.00 x 1400,45.17 - 46.18,44.78 - 53.59,1382477,1290860
LOW,94.74,+2.02%,1.88,92.86,93.11,0.00 x 300,0.00 x 2200,92.99 - 95.02,75.36 - 117.70,4913153,4873584
LYB,88.82,+0.42%,0.37,88.45,89.07,0.00 x 1000,0.00 x 100,85.60 - 90.00,85.60 - 121.95,5161369,2454581
MTB,163.2,+1.02%,1.65,161.55,161.75,0.00 x 800,0.00 x 100,160.32 - 163.42,154.33 - 197.37,1062883,826918
MAC,51.88,+0.17%,0.09,51.79,52.03,0.00 x 800,0.00 x 1100,51.79 - 53.39,49.41 - 69.73,1299409,886718
M,35.72,+5.12%,1.74,33.98,34.2,0.00 x 3200,0.00 x 900,34.07 - 35.77,17.41 - 41.99,9319069,7745200
MRO,18.68,+2.92%,0.53,18.15,17.94,0.00 x 1300,0.00 x 2900,17.85 - 18.72,13.98 - 24.20,14023427,10847072
MPC,68.8,+2.34%,1.57,67.23,67.45,0.00 x 1200,0.00 x 800,66.80 - 69.13,58.83 - 88.45,6470590,6261396
MAR,115.27,+2.21%,2.49,112.78,112.85,111.10 x 200,115.35 x 1000,112.45 - 115.37,106.96 - 149.21,2411581,2307603
MMC,84.19,+2.22%,1.83,82.36,82.8,0.00 x 800,0.00 x 1000,82.18 - 84.29,77.11 - 87.89,2058598,1814433
MLM,166.21,+8.33%,12.78,153.43,153.81,0.00 x 800,0.00 x 900,153.54 - 166.57,150.75 - 241.33,2607639,858898
MAS,29.5,+7.47%,2.05,27.45,27.7,0.00 x 800,0.00 x 1800,27.50 - 29.77,27.15 - 46.45,7074510,3637280
MA,187.73,-1.73%,-3.31,191.04,192.58,0.00 x 1400,0.00 x 800,183.75 - 193.63,140.61 - 225.35,9239212,3776580
MAT,13.79,+3.37%,0.45,13.34,13.31,13.53 x 39400,14.34 x 800,13.15 - 13.91,12.21 - 19.21,4694873,3778996
MKC,144.75,+3.08%,4.32,140.43,140.43,0.00 x 1000,0.00 x 800,140.20 - 145.04,93.70 - 145.04,1662931,840944
MCD,178.49,+3.04%,5.26,173.23,173.51,0.00 x 1300,0.00 x 1400,173.44 - 178.59,146.84 - 178.70,5582931,3698023
MCK,124.12,+2.77%,3.35,120.77,121.25,0.00 x 2900,0.00 x 1400,120.21 - 124.20,117.19 - 178.86,1608406,1604469
MDT,90.27,+0.92%,0.82,89.45,89.65,0.00 x 800,0.00 x 3100,89.16 - 90.62,76.41 - 100.15,5582158,4976512
MRK,72.87,+1.99%,1.42,71.45,71.69,0.00 x 1100,0.00 x 900,71.50 - 72.96,52.83 - 73.49,18937000,9090709
MET,40.73,+1.93%,0.77,39.96,40.28,0.00 x 3200,0.00 x 1800,39.67 - 40.80,39.31 - 55.91,10079771,5749446
MTD,541.07,+1.37%,7.3,533.77,535.5,0.00 x 1100,0.00 x 900,533.31 - 552.96,521.79 - 697.26,202099,158929
MGM,25.19,+3.96%,0.96,24.23,24.03,0.00 x 3000,0.00 x 800,23.81 - 25.20,23.81 - 38.41,12584441,9393783
KORS,54.65,-0.73%,-0.4,55.05,55.47,0.00 x 800,0.00 x 1000,53.66 - 56.25,47.49 - 75.96,3270721,2280690
MCHP,64.85,+4.11%,2.56,62.29,62.43,63.26 x 800,65.84 x 1200,62.01 - 64.95,60.70 - 104.20,2794959,4278500
MU,36.01,+3.89%,1.35,34.66,34.64,36.00 x 2900,36.10 x 900,34.49 - 36.05,33.82 - 64.66,33299607,36504707
MSFT,103.73,-0.12%,-0.12,103.85,103.66,103.67 x 900,103.90 x 2200,100.11 - 104.38,80.70 - 116.18,60046257,27850949
MAA,100,+0.40%,0.4,99.6,100.01,0.00 x 100,0.00 x 900,99.57 - 101.10,85.16 - 106.77,600559,541346
MHK,123.94,+6.59%,7.66,116.28,116.05,0.00 x 1100,0.00 x 1400,115.39 - 124.14,113.45 - 286.85,3093089,1208192
TAP,58.21,+2.86%,1.62,56.59,56.81,0.00 x 800,0.00 x 800,56.50 - 58.44,55.52 - 85.86,4770835,1977083
MDLZ,42.12,+5.01%,2.01,40.11,41.9,41.78 x 3200,42.15 x 1200,41.08 - 42.17,37.42 - 46.54,13353715,6573841
MNST,52.97,+3.22%,1.65,51.32,51.76,52.20 x 1100,53.01 x 900,51.62 - 53.04,47.61 - 70.22,3082593,2851521
MCO,141.14,-0.08%,-0.12,141.26,141.98,0.00 x 900,0.00 x 1100,140.07 - 142.55,139.11 - 187.98,1867349,979367
MS,44.5,+1.95%,0.85,43.65,44,0.00 x 1300,0.00 x 4000,43.56 - 44.59,42.88 - 59.38,14780330,9769913
MOS,30.44,+2.73%,0.81,29.63,29.69,0.00 x 1400,0.00 x 3200,29.30 - 30.51,22.24 - 34.01,5367974,4125964
MSI,119.24,+1.86%,2.18,117.06,117.25,0.00 x 100,0.00 x 200,115.92 - 119.48,89.18 - 131.48,1093104,904318
MSCI,144.51,+1.06%,1.51,143,142.83,0.00 x 800,0.00 x 800,140.46 - 145.23,115.17 - 184.22,1584398,645110
MYL,31.31,+0.42%,0.13,31.18,31.13,31.01 x 4000,31.33 x 1800,30.76 - 31.71,30.33 - 47.82,4127366,4871572
NDAQ,85.83,+2.08%,1.75,84.08,84.47,73.94 x 1000,86.79 x 1200,83.68 - 85.93,71.65 - 96.84,960092,903224
NOV,37.13,+5.75%,2.02,35.11,35.09,0.00 x 900,0.00 x 2200,34.53 - 37.22,31.47 - 49.08,4406990,3320695
NKTR,37.51,+2.57%,0.94,36.57,36.66,35.02 x 3000,37.45 x 900,36.17 - 37.88,22.92 - 111.36,1586939,2160118
NTAP,76.56,+6.47%,4.65,71.91,71.95,76.02 x 800,76.99 x 1100,71.69 - 76.66,43.56 - 88.08,2984681,2571656
NFLX,285.81,+0.34%,0.97,284.84,275.57,288.85 x 1000,289.00 x 1200,271.21 - 290.52,178.38 - 423.21,22800813,11320167
NWL,15.96,+3.64%,0.56,15.4,15.44,0.00 x 800,0.00 x 4000,15.40 - 16.03,15.12 - 41.31,9490495,9331289
NFX,19.43,+1.73%,0.33,19.1,18.93,0.00 x 900,0.00 x 1000,18.78 - 19.48,18.67 - 35.20,4913662,2776086
NEM,31,+0.78%,0.24,30.76,30.68,0.00 x 800,0.00 x 3100,30.47 - 31.28,29.06 - 42.04,6532276,6212664
NWSA,12.82,+2.81%,0.35,12.47,12.51,12.82 x 800,13.70 x 900,12.48 - 12.82,12.24 - 17.29,2428436,3963621
NWS,13.03,+2.68%,0.34,12.69,12.78,12.98 x 2900,14.00 x 800,12.72 - 13.03,12.58 - 17.70,454580,720898
NEE,173.55,+0.45%,0.77,172.78,173.72,0.00 x 200,0.00 x 100,171.32 - 174.54,145.10 - 176.83,1893233,1707240
NLSN,25.47,+2.45%,0.61,24.86,24.93,0.00 x 1800,0.00 x 3200,24.80 - 26.04,20.53 - 39.25,7586141,5818015
NKE,74.51,+3.21%,2.32,72.19,73.07,0.00 x 800,0.00 x 800,72.81 - 74.64,54.59 - 86.04,9469954,7509775
NI,25.88,+1.03%,0.26,25.61,25.73,0.00 x 800,0.00 x 2200,25.57 - 25.98,22.44 - 28.11,4449412,3636536
NBL,24.77,+2.14%,0.52,24.25,24.11,0.00 x 3200,0.00 x 800,23.96 - 24.98,23.83 - 37.76,7566893,4868076
JWN,66.9,+6.89%,4.31,62.59,63.3,0.00 x 1400,0.00 x 1100,63.29 - 67.06,37.79 - 67.06,3762021,2734472
NSC,166.31,+3.24%,5.22,161.09,161.46,0.00 x 100,0.00 x 3000,161.10 - 166.75,125.59 - 186.91,1944201,1964249
NTRS,92.4,+2.75%,2.47,89.93,90.61,89.00 x 1200,93.33 x 2200,89.57 - 92.54,87.98 - 115.61,1339642,1353200
NOC,261.1,+1.87%,4.8,256.3,254.88,0.00 x 100,0.00 x 100,251.66 - 261.25,251.66 - 360.88,2452979,1227952
NCLH,42.4,+0.17%,0.07,42.33,42.52,0.00 x 1000,0.00 x 1100,41.61 - 42.66,41.61 - 61.18,4543645,1889773
NRG,35.73,+0.90%,0.32,35.41,35.4,0.00 x 1000,0.00 x 3200,35.36 - 35.93,23.75 - 38.25,3507374,3744747
NUE,57.91,+1.86%,1.06,56.85,56.92,0.00 x 800,0.00 x 1400,56.80 - 58.15,53.71 - 70.48,3865155,2453698
NVDA,203,+9.36%,17.38,185.62,186.55,203.00 x 1000,203.30 x 3200,185.62 - 203.25,176.01 - 292.76,19397385,11270996
ORLY,330.47,+0.39%,1.29,329.18,330.69,321.07 x 100,345.50 x 300,327.34 - 335.28,205.65 - 351.65,550231,607190
OXY,67.55,+1.64%,1.09,66.46,66.42,0.00 x 800,0.00 x 1100,66.10 - 67.71,62.47 - 87.67,4770725,4775446
OMC,74.8,+3.27%,2.37,72.43,72.64,0.00 x 1800,0.00 x 800,72.54 - 74.86,65.32 - 83.34,3387195,2459086
OKE,63.27,+0.06%,0.04,63.23,63.21,0.00 x 800,0.00 x 900,62.20 - 63.82,49.65 - 71.99,2377196,2323696
ORCL,48.57,+3.30%,1.55,47.02,47.08,0.00 x 1200,0.00 x 4000,46.92 - 48.62,42.57 - 53.48,24438150,18027583
PCAR,56.48,+1.20%,0.67,55.81,56.05,55.01 x 1800,56.52 x 800,55.60 - 57.44,53.95 - 79.69,2948888,2037375
PKG,92.96,+4.05%,3.62,89.34,89.57,0.00 x 100,0.00 x 1200,89.40 - 93.49,83.54 - 131.13,1494096,1009764
PH,148.31,+2.13%,3.09,145.22,145.16,0.00 x 800,0.00 x 800,144.57 - 148.87,143.00 - 212.80,2261271,1167080
PAYX,64.63,+1.11%,0.71,63.92,64.01,64.11 x 800,64.67 x 1000,63.70 - 64.71,59.36 - 76.02,2083787,2050286
PYPL,80.9,-0.31%,-0.25,81.15,80.33,81.35 x 800,81.50 x 1100,79.42 - 81.96,68.61 - 93.70,11982626,9249973
PNR,39.82,+1.92%,0.75,39.07,39.38,0.00 x 3000,0.00 x 1300,39.09 - 40.01,36.06 - 50.26,2333961,1579496
PBCT,15.84,+1.73%,0.27,15.57,15.65,15.85 x 1800,16.26 x 46000,15.45 - 15.88,15.04 - 20.26,4705900,3233095
PEP,113.77,+0.78%,0.88,112.89,113.75,113.77 x 800,113.85 x 4000,112.60 - 114.23,95.94 - 122.51,3748513,4350406
PKI,85.68,+2.22%,1.86,83.82,84.16,0.00 x 900,0.00 x 900,83.75 - 85.78,69.21 - 98.33,810145,629001
PRGO,69.79,+2.23%,1.52,68.27,68.44,0.00 x 800,0.00 x 800,67.90 - 70.25,67.40 - 95.93,1253377,1532875
PFE,42.89,-0.79%,-0.34,43.23,41.95,0.00 x 3000,0.00 x 900,41.78 - 43.09,33.20 - 45.81,33609272,21830533
PCG,46.93,+0.32%,0.15,46.78,47.09,0.00 x 800,0.00 x 3200,46.27 - 47.31,37.30 - 58.38,4618836,6091604
PM,90.47,+0.01%,0.01,90.46,91.2,0.00 x 800,0.00 x 900,89.87 - 92.69,76.21 - 111.25,6472330,5544167
PSX,102.06,+3.59%,3.54,98.52,99.38,0.00 x 100,0.00 x 900,99.37 - 102.25,89.14 - 123.97,2554438,2723520
PNW,83.68,+0.31%,0.26,83.42,83.67,0.00 x 200,0.00 x 100,82.81 - 84.26,73.41 - 92.48,699400,925481
PXD,145.78,+1.89%,2.7,143.08,142.27,0.00 x 100,0.00 x 100,141.86 - 146.18,140.54 - 213.40,1673324,1485976
PNC,124.76,+2.13%,2.6,122.16,122.82,0.00 x 900,0.00 x 900,121.89 - 125.01,116.55 - 163.59,3431755,2175610
RL,131.09,+0.16%,0.21,130.88,131.39,0.00 x 1000,0.00 x 800,127.94 - 132.46,83.91 - 147.79,1547857,1015133
PPG,104.22,+1.29%,1.33,102.89,102.98,0.00 x 800,0.00 x 800,102.11 - 104.61,94.37 - 122.07,3070712,1892601
PPL,30.75,+0.69%,0.21,30.54,30.69,0.00 x 4000,0.00 x 1300,30.30 - 30.82,25.30 - 37.57,4835153,4714249
PX,164.5,-0.60%,-0.99,165.49,166.11,0.00 x 800,0.00 x 800,162.74 - 167.67,140.00 - 169.75,57375630,3352578
PFG,46.25,+0.98%,0.45,45.8,46.09,45.55 x 1300,56.00 x 800,45.39 - 46.63,45.39 - 75.58,2867305,1426627
PG,89.19,+1.08%,0.95,88.24,88.85,0.00 x 900,0.00 x 800,88.21 - 89.43,70.73 - 93.14,13844080,8436096
PGR,69.79,+1.34%,0.92,68.87,69.13,0.00 x 1100,0.00 x 1400,68.40 - 70.03,48.69 - 72.72,2701233,3120550
PLD,65.62,+0.49%,0.32,65.3,65.53,0.00 x 2200,0.00 x 800,65.10 - 66.09,58.28 - 68.20,2414385,3437975
PRU,92.44,+1.86%,1.69,90.75,91.36,0.00 x 900,0.00 x 800,90.47 - 92.74,89.33 - 127.14,3289405,2017181
PEG,54.37,-1.56%,-0.86,55.23,55.39,0.00 x 900,0.00 x 1200,54.18 - 55.80,46.19 - 56.68,4168493,2870361
PSA,207.71,+0.81%,1.67,206.04,206,0.00 x 800,0.00 x 100,205.08 - 210.20,180.48 - 234.90,1984487,941380
PHM,24.9,+6.32%,1.48,23.42,23.29,0.00 x 3000,0.00 x 1400,23.07 - 25.06,20.64 - 35.21,13468957,5313475
PVH,118.06,-0.28%,-0.33,118.39,119.43,0.00 x 900,0.00 x 100,117.34 - 121.09,116.52 - 169.22,1105010,1145243
QRVO,70.95,+2.35%,1.63,69.32,69.41,70.51 x 100,71.50 x 1100,68.93 - 71.12,64.53 - 86.84,1485939,1182381
PWR,31.42,+1.98%,0.61,30.81,30.86,0.00 x 1000,0.00 x 2200,30.73 - 31.46,30.26 - 40.10,2180511,1378226
QCOM,63.18,+1.62%,1.01,62.17,62.36,63.01 x 2200,63.17 x 800,62.18 - 63.72,48.56 - 76.50,17528025,13797892
DGX,92.86,+1.12%,1.03,91.83,92.16,0.00 x 800,0.00 x 3200,91.14 - 93.02,90.54 - 116.49,1073942,1002230
RJF,73.98,+1.55%,1.13,72.85,73.13,0.00 x 800,0.00 x 800,72.76 - 74.27,71.93 - 102.17,1897348,814061
RTN,173.14,+2.85%,4.79,168.35,167.51,0.00 x 800,0.00 x 100,165.00 - 174.36,165.00 - 229.75,3873406,1538773
O,61.4,+0.16%,0.1,61.3,61.3,0.00 x 900,0.00 x 3000,60.87 - 61.99,47.25 - 61.99,3897396,1935706
RHT,170,+0.22%,0.37,169.63,167.84,0.00 x 800,0.00 x 900,167.45 - 170.73,115.31 - 177.70,9687893,2345070
REG,64.89,-0.02%,-0.01,64.9,65,0.00 x 800,0.00 x 800,64.61 - 65.76,54.87 - 70.64,1048002,1210933
REGN,339.7,+1.05%,3.52,336.18,335.86,335.00 x 800,350.05 x 100,332.40 - 347.98,281.89 - 432.50,1005051,716826
RF,16.52,+0.55%,0.09,16.43,16.5,0.00 x 3000,0.00 x 36200,16.11 - 16.59,15.06 - 20.21,20155610,11328324
RSG,71.99,+1.52%,1.08,70.91,70.91,0.00 x 4000,0.00 x 1800,70.91 - 72.13,60.26 - 75.82,1850017,1316341
RMD,105.19,+1.97%,2.03,103.16,103.76,0.00 x 100,0.00 x 100,103.33 - 105.25,81.52 - 116.64,764111,728301
RHI,59.62,+1.33%,0.78,58.84,58.97,0.00 x 1400,0.00 x 800,58.52 - 60.21,50.99 - 79.91,1486136,1428869
ROK,163.76,+3.18%,5.04,158.72,158.43,0.00 x 900,0.00 x 100,158.43 - 164.15,153.67 - 210.72,1368100,1092855
COL,128.2,+1.42%,1.79,126.41,126.67,0.00 x 800,0.00 x 1000,126.07 - 128.32,125.04 - 142.61,1525499,1402789
ROL,58.27,+1.50%,0.86,57.41,57.53,0.00 x 1000,0.00 x 800,57.27 - 58.34,42.82 - 64.39,1432824,1120830
ROP,281.55,+1.46%,4.05,277.5,279,0.00 x 1200,0.00 x 100,276.13 - 281.89,252.23 - 312.65,791184,485180
ROST,99.78,+1.53%,1.5,98.28,98.59,99.70 x 900,100.10 x 800,98.59 - 100.80,62.85 - 100.80,2268288,2896995
RCL,101.81,+2.30%,2.29,99.52,99.51,0.00 x 100,0.00 x 100,98.25 - 102.07,97.48 - 135.65,2928165,1860516
CRM,132.17,+0.90%,1.18,130.99,130.44,0.00 x 800,0.00 x 1800,128.51 - 132.99,98.68 - 161.19,10037948,5704863
SBAC,162.22,+4.82%,7.46,154.76,155.53,162.02 x 900,165.00 x 200,154.46 - 162.54,146.13 - 177.67,1118529,814446
SCG,40.89,+10.13%,3.76,37.13,37.39,0.00 x 800,0.00 x 1800,37.35 - 41.84,33.61 - 49.40,4223848,1451923
SLB,52.32,+1.69%,0.87,51.45,51.36,0.00 x 3100,0.00 x 1000,50.83 - 52.55,50.80 - 80.35,12235760,7916596
STX,38.85,+2.70%,1.02,37.83,37.82,38.53 x 900,38.89 x 800,37.78 - 38.87,36.07 - 62.70,4077197,4039584
SEE,32.25,+3.00%,0.94,31.31,31.33,0.00 x 800,0.00 x 1800,31.29 - 32.26,30.22 - 49.94,2352433,2182670
SRE,111.8,-0.66%,-0.74,112.54,112.99,0.00 x 800,0.00 x 1000,110.52 - 113.26,100.49 - 127.22,2200620,1724747
SHW,384.8,+4.93%,18.08,366.72,367.82,0.00 x 1100,0.00 x 1800,366.29 - 385.32,355.28 - 479.64,1302625,721638
SPG,187.75,+3.81%,6.89,180.86,182.49,0.00 x 800,0.00 x 1300,181.95 - 188.21,145.78 - 188.21,3125070,1493115
SWKS,84.66,+3.43%,2.81,81.85,82.12,84.72 x 300,84.80 x 1100,81.90 - 84.85,79.27 - 117.65,1516531,1742860
SLG,92.32,-0.49%,-0.45,92.77,93.18,0.00 x 100,0.00 x 800,92.20 - 93.82,89.46 - 106.54,1071733,646786
SNA,150.73,+1.62%,2.4,148.33,148.81,0.00 x 900,0.00 x 800,147.99 - 152.09,141.63 - 189.46,859445,621338
SO,45.82,-0.15%,-0.07,45.89,46,0.00 x 4000,0.00 x 1300,45.17 - 46.33,42.38 - 53.51,7970173,6653990
LUV,49.15,+2.59%,1.24,47.91,47.36,0.00 x 900,0.00 x 1800,47.25 - 49.18,47.10 - 66.99,8954906,4602158
SPGI,176.61,+2.53%,4.36,172.25,172.94,0.00 x 100,0.00 x 1200,172.60 - 176.70,153.25 - 217.31,2255609,1183232
SWK,113.19,+4.37%,4.74,108.45,109.23,0.00 x 100,0.00 x 800,108.46 - 113.41,106.41 - 176.62,2081477,1419206
SBUX,58.59,+0.38%,0.22,58.37,58.43,58.61 x 800,58.70 x 900,57.69 - 58.86,47.37 - 61.94,12385569,10145610
STT,67.74,+2.00%,1.33,66.41,66.5,0.00 x 800,0.00 x 800,66.45 - 67.88,65.81 - 114.27,4097006,2850055
SRCL,49.09,-0.10%,-0.05,49.14,49.29,49.18 x 1300,49.90 x 1300,48.48 - 49.98,47.77 - 76.73,1197340,869638
SYK,162.04,+0.18%,0.29,161.75,162.19,0.00 x 1100,0.00 x 800,160.13 - 164.50,146.80 - 179.84,1356310,1296736
STI,61.94,+2.92%,1.76,60.18,60.5,0.00 x 800,0.00 x 3000,59.88 - 62.15,56.30 - 75.08,6830324,3489998
SIVB,228.36,+1.86%,4.17,224.19,225.35,210.00 x 100,229.00 x 800,216.46 - 228.68,204.32 - 333.74,1672731,508316
SYMC,17.68,-1.78%,-0.32,18,18.05,17.43 x 1400,17.68 x 1100,17.49 - 18.28,17.49 - 32.95,18976312,8479718
SYF,28.74,+2.61%,0.73,28.01,28.23,0.00 x 800,0.00 x 900,28.09 - 28.77,27.60 - 40.59,5081993,5613353
SNPS,87.81,+1.05%,0.91,86.9,87.17,82.15 x 1200,92.70 x 800,86.53 - 88.19,80.13 - 103.40,654824,1253320
SYY,72.01,+2.40%,1.69,70.32,70.59,0.00 x 800,0.00 x 800,70.35 - 72.08,52.30 - 75.98,2599198,2870872
TROW,96.22,+2.61%,2.45,93.77,94.4,91.00 x 200,121.00 x 1100,93.68 - 96.38,90.95 - 127.43,2108583,1292601
TTWO,124.01,+11.00%,12.29,111.72,121.53,124.00 x 800,124.70 x 900,117.52 - 125.49,92.81 - 139.91,6891876,1998970
TPR,40.32,-1.18%,-0.48,40.8,43,0.00 x 3200,0.00 x 1300,39.28 - 43.00,39.28 - 55.50,6250932,3317700
TGT,85.77,+1.99%,1.67,84.1,84.8,0.00 x 4000,0.00 x 1000,84.55 - 86.47,54.04 - 90.39,5767600,4554718
TEL,78.17,+3.29%,2.49,75.68,75.82,0.00 x 1000,0.00 x 1000,75.22 - 78.26,73.70 - 108.23,4322160,1968229
FTI,26.16,+1.08%,0.28,25.88,25.55,0.00 x 2200,0.00 x 1000,25.36 - 26.20,25.36 - 35.00,4306853,3272738
TXN,92.99,+4.00%,3.58,89.41,90.09,92.26 x 800,93.06 x 1000,89.74 - 93.13,87.90 - 120.75,7068853,6578604
TXT,53.45,+2.18%,1.14,52.31,52.35,0.00 x 800,0.00 x 800,52.24 - 53.57,51.49 - 72.87,2021618,1797364
TMO,232.67,+1.89%,4.32,228.35,228.26,0.00 x 100,0.00 x 800,228.22 - 233.17,181.51 - 249.95,1848762,1441598
TIF,109.6,+1.95%,2.1,107.5,108.1,0.00 x 800,0.00 x 800,106.98 - 109.70,90.46 - 141.64,1334095,1812987
TWTR,33.86,+4.54%,1.47,32.39,31.77,0.00 x 800,0.00 x 800,31.30 - 34.55,19.26 - 47.79,43678167,26340444
TJX,110.17,+1.63%,1.77,108.4,108.91,0.00 x 300,0.00 x 800,108.41 - 110.92,66.44 - 113.28,4857701,3698756
TMK,84.78,+2.10%,1.74,83.04,83.52,0.00 x 200,0.00 x 900,83.20 - 84.91,80.34 - 93.60,621668,518821
TSS,88.87,-0.45%,-0.4,89.27,89.24,0.00 x 800,0.00 x 800,87.13 - 89.94,70.93 - 100.39,1371836,1323101
TSCO,93.4,-0.60%,-0.56,93.96,93.59,92.50 x 200,99.17 x 100,92.03 - 95.00,57.90 - 95.17,1309167,1527889
TDG,317.41,+1.70%,5.32,312.09,312.95,0.00 x 100,0.00 x 1000,311.96 - 318.24,260.83 - 377.67,583282,417821
TRV,125.87,+2.90%,3.55,122.32,122.97,0.00 x 300,0.00 x 1300,122.09 - 126.01,119.67 - 150.55,2217034,1484035
TRIP,50.67,+3.53%,1.73,48.94,48.99,50.31 x 1200,51.18 x 1100,48.52 - 50.96,29.50 - 62.36,1501613,1985387
FOXA,45.68,+0.59%,0.27,45.41,45.56,45.37 x 1400,45.54 x 1400,45.08 - 45.85,24.81 - 50.15,5467332,9076080
FOX,45.29,+0.18%,0.08,45.21,45.37,45.05 x 1200,45.23 x 800,44.75 - 45.41,24.30 - 49.65,3810396,4133750
TSN,62.1,+0.88%,0.54,61.56,61.87,0.00 x 900,0.00 x 1400,60.90 - 62.49,56.79 - 84.65,2551891,2616296
UDR,40.34,+2.02%,0.8,39.54,39.81,0.00 x 900,0.00 x 4000,39.51 - 41.13,32.88 - 41.13,2602073,1462513
ULTA,266.99,-4.13%,-11.51,278.5,278.6,264.50 x 100,279.00 x 900,263.94 - 279.53,191.70 - 290.30,1337939,935335
USB,52.32,+1.47%,0.76,51.56,51.95,0.00 x 800,0.00 x 1400,51.53 - 52.41,48.49 - 58.50,10213860,6407792
UAA,23.23,+27.71%,5.04,18.19,21.71,0.00 x 1300,0.00 x 900,21.58 - 23.37,11.40 - 24.69,32432636,4431683
UA,20.97,+24.75%,4.16,16.81,19.84,0.00 x 1000,0.00 x 3200,19.16 - 21.07,10.36 - 22.68,12470894,2418380
UNP,146.28,+3.50%,4.94,141.34,142,0.00 x 1800,0.00 x 800,141.68 - 146.61,115.16 - 165.63,4934916,4450435
UAL,85.85,+1.01%,0.86,84.99,84.38,82.79 x 3000,86.50 x 3200,84.38 - 86.25,56.51 - 91.39,3806643,3138741
UNH,258.28,+0.69%,1.76,256.52,256.69,0.00 x 100,0.00 x 800,253.98 - 259.69,207.80 - 272.81,4169239,2785724
UPS,107.07,+1.85%,1.94,105.13,105.45,0.00 x 800,0.00 x 3100,104.71 - 107.55,101.45 - 135.53,3047734,2553406
URI,115.62,+5.79%,6.33,109.29,108.3,115.30 x 800,0.00 x 100,108.01 - 115.98,106.48 - 190.74,2622580,1533830
UTX,122.62,+1.26%,1.53,121.09,121.07,0.00 x 100,0.00 x 1200,120.40 - 122.80,115.40 - 144.15,4861923,3758612
UHS,120.84,+1.76%,2.09,118.75,119.06,0.00 x 900,130.70 x 800,117.10 - 121.06,95.26 - 132.64,1097426,683638
UNM,36.25,+4.02%,1.4,34.85,35.09,31.30 x 3200,0.00 x 1300,34.89 - 36.38,33.27 - 58.73,4730495,2291976
VFC,82.47,+1.71%,1.39,81.08,81.71,0.00 x 900,0.00 x 1000,80.94 - 82.57,68.35 - 97.00,2827014,2548372
VLO,90.1,+3.11%,2.72,87.38,87.76,0.00 x 800,90.79 x 800,87.67 - 90.43,77.78 - 126.98,5477024,3190346
VAR,112.21,+1.58%,1.74,110.47,110.69,112.01 x 1100,0.00 x 100,109.77 - 112.47,101.42 - 130.29,662853,655381
VTR,58.97,+2.99%,1.71,57.26,57.46,0.00 x 800,59.50 x 1800,57.05 - 58.99,46.55 - 65.72,4307268,2163738
VRSN,138.66,+2.47%,3.34,135.32,135.31,100.00 x 200,150.00 x 100,134.19 - 139.03,105.40 - 164.19,694379,782776
VRSK,116.91,+2.11%,2.42,114.49,115.05,111.11 x 1200,115.00 x 1000,114.80 - 117.28,84.66 - 122.80,1078309,749153
VZ,58.18,+3.01%,1.7,56.48,56.92,58.20 x 900,58.47 x 1400,56.92 - 58.80,43.97 - 58.80,25231199,15327004
VRTX,171.49,+0.68%,1.15,170.34,171.67,165.00 x 200,171.60 x 1000,168.46 - 173.46,136.50 - 194.92,1145822,1178990
VIAB,31.65,+3.91%,1.19,30.46,30.67,30.60 x 1400,32.95 x 4000,30.67 - 31.69,22.13 - 35.55,4209699,3682924
V,132.76,-1.17%,-1.57,134.33,133.08,133.01 x 800,0.00 x 900,129.79 - 134.86,106.60 - 151.56,15107555,8259684
VNO,67.97,-0.38%,-0.26,68.23,69.06,61.35 x 800,0.00 x 1200,67.27 - 69.48,64.13 - 79.56,1348413,870543
VMC,98.93,+17.49%,14.73,84.2,94.55,0.00 x 900,113.99 x 900,89.99 - 99.22,82.52 - 141.20,6538483,1383609
WMT,102.42,+2.63%,2.62,99.8,100.21,0.00 x 1100,102.39 x 800,100.06 - 102.60,81.78 - 109.98,12708524,8258521
WBA,78.8,+2.58%,1.98,76.82,77.12,76.82 x 800,78.80 x 2200,76.61 - 78.89,59.07 - 80.68,5951160,5837023
DIS,114.76,+1.52%,1.72,113.04,113.39,0.00 x 900,0.00 x 1100,112.41 - 114.89,97.38 - 119.69,7365577,7004115
WM,88.82,+2.79%,2.41,86.41,86.75,0.00 x 900,0.00 x 900,86.57 - 88.96,78.33 - 92.85,2636575,1766166
WAT,188.82,+2.81%,5.16,183.66,184.39,0.00 x 1300,0.00 x 800,183.38 - 189.22,167.94 - 220.20,712423,570816
WEC,69.75,-0.04%,-0.03,69.78,70.02,0.00 x 800,0.00 x 1000,69.04 - 70.37,58.48 - 72.09,2584982,1940216
WCG,282.12,-3.22%,-9.38,291.5,281.18,0.00 x 1000,0.00 x 900,274.17 - 290.83,186.00 - 324.99,1376384,829890
WFC,52.69,+0.88%,0.46,52.23,52.45,52.01 x 800,53.09 x 900,51.87 - 52.91,50.02 - 66.31,24911154,20341621
WELL,69.49,+5.32%,3.51,65.98,66.23,60.15 x 800,0.00 x 1300,65.98 - 69.85,0.14 - 69.85,4266414,2026195
WDC,41.37,-0.43%,-0.18,41.55,41.56,41.50 x 1200,41.77 x 1400,40.58 - 42.60,40.58 - 106.96,9666738,5129260
WU,17.87,+1.59%,0.28,17.59,17.62,16.95 x 27000,19.25 x 800,17.58 - 17.87,17.39 - 22.21,6098500,5112270
WRK,42.84,+4.64%,1.9,40.94,41.16,0.00 x 1800,0.00 x 3200,41.05 - 42.98,39.21 - 71.55,3565403,2115727
WY,26.23,-0.76%,-0.2,26.43,26.59,25.75 x 900,26.48 x 1100,25.75 - 26.75,25.75 - 38.39,8711667,3968701
WHR,111.27,+6.73%,7.02,104.25,104.6,0.00 x 900,0.00 x 1000,104.18 - 111.68,102.13 - 187.47,1417402,1053878
WMB,24.2,+0.71%,0.17,24.03,23.97,0.00 x 1400,25.50 x 800,23.54 - 24.27,23.54 - 33.67,10581866,12901835
WLTW,141.18,+0.58%,0.82,140.36,140.77,65.58 x 800,149.31 x 200,138.44 - 141.29,134.50 - 165.00,631749,613306
WYNN,97.6,+3.63%,3.42,94.18,93.74,98.01 x 900,98.98 x 1300,92.77 - 97.98,92.50 - 203.63,3178422,2730127
XEL,49.69,+0.57%,0.28,49.41,49.59,49.45 x 800,53.49 x 800,48.99 - 49.97,41.51 - 52.22,3736645,3325893
XRX,28.21,+2.73%,0.75,27.46,27.59,26.71 x 2200,0.00 x 900,27.57 - 28.22,23.52 - 37.42,3138141,2947089
XLNX,82.05,+4.72%,3.7,78.35,78.83,82.71 x 800,83.24 x 1000,78.70 - 82.69,62.27 - 83.99,5862667,2473883
XYL,65.13,-0.87%,-0.57,65.7,67.02,0.00 x 900,80.48 x 1800,63.71 - 68.08,63.71 - 82.44,1948868,1069338
YUM,86.43,+1.12%,0.96,85.47,85.83,0.00 x 800,0.00 x 800,85.42 - 86.65,74.26 - 92.21,3708890,1712201
ZBH,114.58,-0.62%,-0.71,115.29,115.54,0.00 x 800,0.00 x 1000,112.41 - 116.90,104.28 - 134.55,1782433,1072520
ZION,46.9,-0.30%,-0.14,47.04,47.26,46.91 x 2200,50.44 x 900,46.39 - 47.43,43.50 - 59.19,4977229,2173315
ZTS,90.18,+0.59%,0.53,89.65,89.25,82.11 x 900,0.00 x 100,89.04 - 91.04,64.02 - 94.31,2446764,2217087
